LINK,TITLE,DESCRIPTION,CONTENT
https://www.nytimes.com/2024/03/20/world/asia/gaza-aid-evs-hong-kong-asia.html,Thursday Briefing: Where is Gaza’s Aid?,"Also, sweeping U.S. climate regulations and the “3 Body Problem” on Netflix.",Prime Minister Rishi Sunak of Britain argues that flights to Rwanda would be a vital deterrent to immigration.
https://www.nytimes.com/2024/03/22/world/asia/south-korea-insooni-singer.html,Insooni Breaks Racial Barrier to Become Beloved Singer in South Korea,"Born to a South Korean mother and a Black American soldier, she rose to a pioneering stardom in a country that has long discriminated against biracial children.","Kim In-soon, known professionally as Insooni, taking a picture with a fan at a book signing in Seoul in March."
https://www.nytimes.com/2024/03/22/world/middleeast/us-cease-fire-resolution-vetoes.html,A Look at Previous U.S. Vetoes of Gaza Cease-Fire Resolutions in the U.N.,"Before a U.S. resolution in the United Nations Security Council calling for a cease-fire in Gaza was vetoed on Friday, the U.S. had vetoed three previous ones demanding a halt to the fighting.","Linda Thomas-Greenfield, the U.S. ambassador to the United Nations, voted against a resolution calling for an immediate cease-fire last month."
https://www.nytimes.com/2024/03/21/world/europe/vaughan-gething-wales-parliament.html,Vaughan Gething of Wales Is Europe’s First Black Head of Government,"Mr. Gething, 50, was narrowly elected leader of Wales’s governing Labour Party this week, and then was elected first minister by the Senedd, or Welsh Parliament.","Vaughan Gething poses for a photo, in a lecture hall at Cardiff University, after being elected as the next Welsh Labour leader and First Minister of Wales, in Cardiff, Saturday, March 16, 2024."
https://www.nytimes.com/2024/03/20/world/middleeast/unrwa-senate-gaza.html,Congress Seeks to Bar Funding for U.N. Agency for Palestinians,"A bill would bar support for the agency, UNRWA, amid accusations that some employees were Hamas fighters. Other countries are scrambling to make up the looming shortfall.",Palestinians gathered to receive aid outside an UNRWA warehouse in Gaza City on Monday.
https://www.nytimes.com/2024/03/21/world/asia/india-national-congress-bank-accounts-bjp.html,Indian Opposition Parties Say They Face Tide of Troubles as Vote Nears,"Weeks before pivotal elections, the head of one party was arrested on what his supporters said were trumped-up charges and another party said it lost access to its funds.","The leader of the Aam Aadmi Party, Arvind Kejriwal, was taken into custody late on Thursday at his home in New Delhi."
https://www.nytimes.com/2024/03/22/world/australia/screen-free-school.html,What We Gained (and Lost) When Our Daughter Unplugged for a School Year,"My 13-year-old has left her phone behind for hiking, chores and study in the Australian wilderness. Our pen-and-paper correspondence is opening up an unexpected world.","Letters sent by the author’s daughter from Timbertop, a school campus in the Australian bush."
https://www.nytimes.com/2024/03/21/world/europe/russia-missile-attack-kyiv-ukraine.html,Russian Missile Attack on Kyiv Leaves 10 Injured,Ukraine said it had intercepted all 31 missiles fired at the capital. But debris injured at least 13 people and damaged several buildings.,"Firefighters directing water onto a blaze on Thursday morning at the site of a missile strike in Kyiv, Ukraine."
https://www.nytimes.com/2024/03/22/climate/toyota-hybrid-epa-pollution.html,How the New E.P.A. Rules Affect Toyota and Their Hybrid Cars,"The auto giant lobbied hard against tougher pollution rules. This week, the E.P.A.’s new rules proved favorable to hybrid technology, an area that Toyota dominates.","Charging up in Lake Park, Fla."
https://www.nytimes.com/2024/03/22/world/europe/rose-dugdale-dead.html,"Rose Dugdale, Heiress Turned Irish Independence Fighter, Dies at 82","Born into English wealth and Oxford-educated, she left it all behind for a life of radical and often violent activism.","Rose Dugdale in 1974 after being sentenced to nine years in prison for crimes including art theft. Born an English heiress, she left her wealth behind to join the Irish Republican Army."
https://www.nytimes.com/2024/03/22/world/africa/uganda-president-son.html,Uganda President Museveni Appoints His Son as Top Army Commander,"Gen. Muhoozi Kainerugaba, who has a reputation for provocative late-night tweets, has been working to position himself as heir apparent to his father, President Yoweri Museveni.","Gen. Muhoozi Kainerugaba, the son of Uganda’s president, has been working to raise his profile and set himself up as heir apparent."
https://www.nytimes.com/2024/03/21/world/americas/haiti-evacuation-florida-family.html,"As Americans Flee Haiti, 2-Year-Old Is Separated from His Parents",The boy had been dropped off with relatives nearly three weeks ago and was airlifted back to his Florida home. He is part of a growing number of Americans trying to flee Haiti.,Secretary of State Antony J. Blinken arriving in Cairo on Thursday to discuss the war in Gaza with Mideast leaders.
https://www.nytimes.com/2024/03/22/world/europe/moscow-concert-hall-attack-photos.html,The Deadly Moscow Concert Hall Attack in Photos,Images show the scene of what could be the deadliest attack in Russia in decades. Multiple gunmen killed at least 40 people in an assault in the capital’s outskirts.,Crocus City Hall in Moscow on fire Friday night after a major attack.
https://www.nytimes.com/2024/03/21/world/middleeast/gaza-hospitals-doctors-israel-congress.html,"Doctors, Back From Gaza Hospitals, Tell Congress of Horrors Amid Cease-Fire Push",Volunteers who treated patients in harrowing conditions lobbied American officials on the urgency of an immediate cease-fire.,The World Artificial Intelligence Conference in Shanghai in July 2023. China has invested heavily in A.I. education.
https://www.nytimes.com/2024/03/21/world/europe/ireland-varadkar-what-now.html,"Ireland’s Prime Minister, Leo Varadkar, Resigned. What Happens Now?","Leo Varadkar, the prime minister of the Republic of Ireland, resigned unexpectedly, prompting a political scramble. Here’s what to know about what happens next.","Ireland’s prime minister, Leo Varadkar, at a European Council summit in Brussels on Thursday, a day after he said he would step down."
https://www.nytimes.com/2024/03/21/world/americas/mexico-timeshare-fraud-cartel.html,A Mexican Drug Cartel Targets Retirees and Their Timeshares,"One of Mexico’s most violent criminal groups, Jalisco New Generation, runs call centers that offer to buy retirees’ vacation properties. Then, it empties its victims’ bank accounts.","Tourists in Puerto Vallarta, a popular beach town in Mexico, in February. Over the last five years, American timeshare owners were bilked out of $288 million, according to the F.B.I."
https://www.nytimes.com/2024/03/22/world/middleeast/blinken-netanyahu-israel-cease-fire.html,Blinken Meets With Netanyahu at Moment of Tension Between U.S. and Israel,Prime Minister Benjamin Netanyahu repeated that Israel was determined to send troops into the crowded southern Gaza city of Rafah despite U.S. urgings not to.,Secretary of State Antony J. Blinken arrived in Tel Aviv for meetings with Israeli officials on Friday.
https://www.nytimes.com/2024/03/22/world/europe/norman-miller-dead.html,"Norman Miller, German Refugee Who Helped Arrest a Top Nazi, Dies at 99","At 15, he escaped to England. At 20, he enlisted in the British Army and identified a German minister — whose roles included deporting Dutch Jews to labor camps — as he tried to flee.","Striking workers added wood to a fire to stay warm during evening shifts in front of a recycling plant owned by the company SRW in Rötha, Germany, on Wednesday."
https://www.nytimes.com/2024/03/22/world/europe/russia-ukraine-toll-bodies.html,Collecting the Dead Russia Left Behind,"Civilians who gather dead Russian soldiers face many of the war’s perils along the front, where death is ubiquitous.",A drone photograph showing Russian soldiers killed on the battlefield on the front line of eastern Ukraine.
https://www.nytimes.com/2024/03/22/world/europe/moscow-concert-attack-us-embassy.html,U.S. Warned About Possible Moscow Attack Before Concert Hall Shooting,Pro-Moscow forces had dismissed the alert as an attempt to scare Russians.,"The U.S. Embassy in Moscow issued a warning about possible attacks on large gatherings, including concerts, on March 7."
https://www.nytimes.com/2024/03/22/business/artificial-intelligence-anguilla.html,The A.I. Boom Makes Millions for an Unlikely Industry Player: Anguilla,"The small Caribbean territory brought in $32 million last year, more than 10 percent of its G.D.P., from companies registering web addresses that end in .ai.","For each domain registration, Anguilla’s government gets anywhere from $140 to thousands of dollars from website names sold at auctions."
https://www.nytimes.com/2024/03/21/briefing/eu-russia-ukraine-gaza-aid.html,Thursday Briefing,The E.U.’s plan to make Russia pay to arm Ukraine.,"A Ukrainian armored vehicle near Bakhmut in eastern Ukraine, last month. Soldiers on the front lines are reporting shortages of ammunition."
https://www.nytimes.com/2024/03/22/us/politics/israel-biden-leverage.html,How Biden Could Try to Coerce Israel to Change Its War Strategy,President Biden has tried persuading Prime Minister Benjamin Netanyahu behind the scenes. But critics say it is time for a different approach.,President Biden traveled to Israel and met with Prime Minister Benjamin Netanyahu days after the Oct. 7 attack.
https://www.nytimes.com/2024/03/21/world/europe/interpreter-elections-putin.html,Why Do Autocrats Like Putin Bother to Hold Elections?,"These votes can demonstrate control, serve as a warning and create the illusion of accountability.",The visage of President Vladimir V. Putin was part of the stage at a celebration in Red Square after his “re-election.”
https://www.nytimes.com/2024/03/20/world/europe/iceland-volcano-tourism-impact.html,Iceland’s Tourism Suffers Amid a Belching Volcano and Flowing Lava,"In a country that relies heavily on visitors, hotels faced repeated evacuations, and one resort was temporarily shut.","Viewing the flow of molten lava from a fissure on the Reykjanes Peninsula, north of the evacuated town of Grindavik, Iceland, on Saturday."
https://www.nytimes.com/2024/03/20/world/middleeast/israel-gaza-hamas-power-vacuum.html,Israel-Hamas War in Gaza Leaves Power Vacuum,Analysts say the Israeli military’s return to the largest hospital complex in the enclave may foretell more chaos without governance.,A ceremony in 2022 for the 35th anniversary of the founding of Hamas in Gaza City.
https://www.nytimes.com/2024/03/21/world/middleeast/gaza-blinken-ceasefire.html,U.S. to Present Gaza Cease-Fire Resolution at U.N. Security Council,A resolution for the U.N. that American diplomats are circulating was notable for its strong language in seeking a cease-fire in Gaza and the release of hostages.,Secretary of State Antony J. Blinken arriving in Cairo on Thursday to discuss the war in Gaza with Mideast leaders.
https://www.nytimes.com/2024/03/21/science/archaeology-hallucinogens-henbane.html,"Long Before Amsterdam’s Coffee Shops, There Were Hallucinogenic Seeds","A nearly 2,000-year-old stash pouch provides the first evidence of the intentional use of a powerful psychedelic plant in Western Europe during the Roman Era.","Migrant agricultural workers unloading fruit crates in a citrus grove in Faro, Portugal, on Tuesday."
https://www.nytimes.com/2024/03/22/world/europe/kate-middleton-cancer-statement.html,Read Princess Kate’s Full Statement on Her Cancer Diagnosis,"The princess asked for privacy as she undergoes treatment, and said that “it has been an incredibly tough couple of months for our entire family.”","Catherine, the princess of Wales, speaking on Friday."
https://www.nytimes.com/2024/03/21/world/middleeast/blinken-un-cease-fire.html,Blinken Describes New U.S. Push for Cease-Fire in Gaza,"In Saudi Arabia, the secretary of state discussed a U.S. draft resolution at the U.N. Security Council calling for “an immediate cease-fire tied to the release of hostages” in Gaza.","Secretary of State Antony J. Blinken meeting with Prince Faisal bin Farhan, Saudi Arabia’s foreign minister, in Jeddah on Wednesday."
https://www.nytimes.com/2024/03/22/health/coronavirus-evolution-immunity.html,What’s Next for the Coronavirus?,"Scientists studying the virus’s continuing evolution, and the body’s immune responses, hope to head off a resurgence and to better understand long Covid.","Catherine, the princess of Wales, speaking on Friday."
https://www.nytimes.com/2024/03/21/world/middleeast/johnson-netanyahu-schumer.html,Mike Johnson Says He Will Invite Netanyahu to Address Congress,"Senator Chuck Schumer, the majority leader, also said he would support having a speech delivered “to Congress in a bipartisan way.”",House Speaker Mike Johnson said on Thursday that he had been invited to speak in front of the Israeli Knesset.
https://www.nytimes.com/live/2024/03/22/world/moscow-shooting,"Live Updates: Gunmen Kill at Least 40 at Moscow Concert Hall, Russian Officials Say",There was no report of who might be responsible for what could be one of the deadliest attacks in Russia in decades.,Emergency vehicles outside the Crocus City Hall concert venue in Moscow after an attack on Friday.
https://www.nytimes.com/2024/03/22/world/africa/democracy-senegal-africa-france.html,Democracy Crumbling in African Countries Once Ruled by France,"A wave of military coups and presidents clinging to power are two sides of the same anti-democratic coin plaguing Francophone Africa, experts say.",Watching President Macky Sall of Senegal speak at a news conference last month. He tried to postpone a presidential election that was only three weeks away.
https://www.nytimes.com/2024/03/22/world/europe/germany-euro-2024.html,Is Germany Heading for Humiliation at the Euros?,A nation that was soccer’s gold standard a decade ago is now trying anything and everything to find its way. The clock is ticking.,"Germany’s results since October (a win, a draw and two straight defeats) have not inspired confidence."
https://www.nytimes.com/2024/03/21/climate/climate-change-heat-wave-west-africa.html,Climate Change Made an Early Heat Wave in West Africa 10 Times as Likely,"Temperatures in the region rose above 40 degrees Celsius in February, with humidity pushing the heat index even higher.","Henock Inonga, of the Democratic Republic of Congo’s national soccer team, cooled off before a match with Ivory Coast in Abidjan on Feb. 7. Players in the Africa Cup of Nations tournament had to take extra breaks to hydrate because of the heat wave."
https://www.nytimes.com/2024/03/21/science/odor-adolescents-chemistry.html,"Toddlers Smell Like Flowers, Teens Smell ‘Goatlike,’ Study Finds","Two musky steroids, and higher levels of odorous acids, distinguish the body odors of adolescents and tots.","Officers seized evidence on Wednesday a home in Granada, Spain, owned by the former Spanish soccer federation chief Luis Rubiales."
https://www.nytimes.com/2024/03/22/briefing/apple-lawsuit-antitrust-germany-strike.html,Friday Briefing,The U.S. sues Apple.,"By tightly controlling the user experience on iPhones and other devices, Apple has created what critics call an uneven playing field where it grants its products and services access to core features that it denies rivals."
https://www.nytimes.com/2024/03/22/world/europe/heres-the-latest-on-the-attack-in-russia.html,Here’s the latest on the attack in Russia.,,"The U.S. Embassy in Moscow issued a warning about possible attacks on large gatherings, including concerts, on March 7."
https://www.nytimes.com/2024/03/21/world/australia/new-zealand-sounds-air-flying-domestic.html,"In New Zealand, Experiencing the Miracle of Flight Anew","The country's domestic airlines play a crucial role in connectivity. But for the casual flier, even the journey is captivating.",Secretary of State Antony J. Blinken arriving in Cairo on Thursday to discuss the war in Gaza with Mideast leaders.
https://www.nytimes.com/2024/03/20/world/europe/uk-rwanda-bill-lords.html,U.K. Bill to Send Asylum Seekers to Rwanda Is Stalled by House of Lords,"Parliament is all but certain to approve the government’s plan, but a rare show of defiance by the unelected upper house showed the depth of opposition.",Prime Minister Rishi Sunak of Britain argues that flights to Rwanda would be a vital deterrent to immigration.
https://www.nytimes.com/2024/03/21/world/middleeast/israel-al-shifa-hospital-raid-gaza.html,Israel’s Raid on Al-Shifa Hospital Grows Into One of the Longest of Gaza War,"As Israel’s attack on the medical complex stretched into a fourth day, the military said it had killed dozens of people it described as terrorists. The account couldn’t be verified.",Smoke rising during an Israeli raid at Al-Shifa Hospital and the surrounding area in Gaza City on Thursday.
https://www.nytimes.com/2024/03/21/world/asia/afghanistan-suicide-bombing.html,Suicide Bombing Outside Afghan Bank Kills at Least 20,"The blast targeted a bank in Kandahar, where Taliban members had gathered to collect their salaries, witnesses said.","Relatives of a victim of the bombing during a funeral ceremony at a mosque in Kandahar, Afghanistan, on Thursday."
https://www.nytimes.com/2024/03/22/world/europe/germany-strikes-economy.html,‘Strike Madness’ Hits Germany While Its Economy Stumbles,"A wave of strikes by German workers, feeling the sting of inflation and stagnant growth, is the latest sign of the bleak outlook for Europe’s economic powerhouse.","Striking workers added wood to a fire to stay warm during evening shifts in front of a recycling plant owned by the company SRW in Rötha, Germany, on Wednesday."
